Min,Max,Q1,Median (Q2),Q3,Standard Deviation
1,21,2.0,3.0,4.0,1.6767468393323344
0.3333333333333333,16.0,4.75,5.2,5.666666666666667,1.000366077084868
